{
  "Total" : {
    "transaction" : "Total",
    "sampleCount" : 100,
    "errorCount" : 2,
    "errorPct" : 2.0,
    "meanResTime" : 30348.43,
    "medianResTime" : 23147.0,
    "minResTime" : 11515.0,
    "maxResTime" : 426785.0,
    "pct1ResTime" : 27665.000000000004,
    "pct2ResTime" : 30981.899999999994,
    "pct3ResTime" : 426739.73,
    "throughput" : 0.23427817722206995,
    "receivedKBytesPerSec" : 52.075948079856055,
    "sentKBytesPerSec" : 0.049550749631597564
  },
  "HTTP Request" : {
    "transaction" : "HTTP Request",
    "sampleCount" : 100,
    "errorCount" : 2,
    "errorPct" : 2.0,
    "meanResTime" : 30348.43,
    "medianResTime" : 23147.0,
    "minResTime" : 11515.0,
    "maxResTime" : 426785.0,
    "pct1ResTime" : 27665.000000000004,
    "pct2ResTime" : 30981.899999999994,
    "pct3ResTime" : 426739.73,
    "throughput" : 0.23427817722206995,
    "receivedKBytesPerSec" : 52.075948079856055,
    "sentKBytesPerSec" : 0.049550749631597564
  }
}