{
  "Create Student Address" : {
    "transaction" : "Create Student Address",
    "sampleCount" : 1000,
    "errorCount" : 14,
    "errorPct" : 1.4,
    "meanResTime" : 28987.775999999994,
    "medianResTime" : 36186.5,
    "minResTime" : 148.0,
    "maxResTime" : 95736.0,
    "pct1ResTime" : 46415.5,
    "pct2ResTime" : 64985.899999999994,
    "pct3ResTime" : 93664.99,
    "throughput" : 5.129730894317285,
    "receivedKBytesPerSec" : 1.6641768769685341,
    "sentKBytesPerSec" : 3.050296290050374
  },
  "Create Student" : {
    "transaction" : "Create Student",
    "sampleCount" : 1000,
    "errorCount" : 14,
    "errorPct" : 1.4,
    "meanResTime" : 6323.098000000003,
    "medianResTime" : 7429.0,
    "minResTime" : 105.0,
    "maxResTime" : 25149.0,
    "pct1ResTime" : 10414.9,
    "pct2ResTime" : 11064.349999999999,
    "pct3ResTime" : 21042.0,
    "throughput" : 19.4560099614771,
    "receivedKBytesPerSec" : 10.24989724794739,
    "sentKBytesPerSec" : 6.725509443460835
  },
  "Update Student" : {
    "transaction" : "Update Student",
    "sampleCount" : 1000,
    "errorCount" : 14,
    "errorPct" : 1.4,
    "meanResTime" : 7636.029000000007,
    "medianResTime" : 5856.0,
    "minResTime" : 119.0,
    "maxResTime" : 46682.0,
    "pct1ResTime" : 9811.4,
    "pct2ResTime" : 36107.35,
    "pct3ResTime" : 46047.94,
    "throughput" : 10.586043360433605,
    "receivedKBytesPerSec" : 3.514628423261772,
    "sentKBytesPerSec" : 3.609303213393462
  },
  "Get Specific Student" : {
    "transaction" : "Get Specific Student",
    "sampleCount" : 1000,
    "errorCount" : 0,
    "errorPct" : 0.0,
    "meanResTime" : 16216.762000000006,
    "medianResTime" : 17870.0,
    "minResTime" : 133.0,
    "maxResTime" : 57980.0,
    "pct1ResTime" : 30107.6,
    "pct2ResTime" : 32867.74999999999,
    "pct3ResTime" : 41915.74,
    "throughput" : 6.566376213958803,
    "receivedKBytesPerSec" : 3.688238614724442,
    "sentKBytesPerSec" : 1.0574302445646822
  },
  "Debug Sampler" : {
    "transaction" : "Debug Sampler",
    "sampleCount" : 1000,
    "errorCount" : 0,
    "errorPct" : 0.0,
    "meanResTime" : 0.065,
    "medianResTime" : 0.0,
    "minResTime" : 0.0,
    "maxResTime" : 3.0,
    "pct1ResTime" : 0.0,
    "pct2ResTime" : 1.0,
    "pct3ResTime" : 1.0,
    "throughput" : 10.602879742137965,
    "receivedKBytesPerSec" : 3.0626687348908965,
    "sentKBytesPerSec" : 0.0
  },
  "DELETE Student" : {
    "transaction" : "DELETE Student",
    "sampleCount" : 1000,
    "errorCount" : 17,
    "errorPct" : 1.7,
    "meanResTime" : 34240.70000000005,
    "medianResTime" : 32866.5,
    "minResTime" : 87.0,
    "maxResTime" : 93162.0,
    "pct1ResTime" : 75105.09999999998,
    "pct2ResTime" : 78968.99999999999,
    "pct3ResTime" : 91685.3,
    "throughput" : 4.763832980015721,
    "receivedKBytesPerSec" : 2.8769736411166424,
    "sentKBytesPerSec" : 0.7541045259390706
  },
  "Total" : {
    "transaction" : "Total",
    "sampleCount" : 8000,
    "errorCount" : 157,
    "errorPct" : 1.9625,
    "meanResTime" : 18650.04712499998,
    "medianResTime" : 8531.5,
    "minResTime" : 0.0,
    "maxResTime" : 107273.0,
    "pct1ResTime" : 46855.200000000004,
    "pct2ResTime" : 67077.84999999999,
    "pct3ResTime" : 93784.97,
    "throughput" : 36.9139904023625,
    "receivedKBytesPerSec" : 72.86403088518595,
    "sentKBytesPerSec" : 8.794059767499538
  },
  "Get Student" : {
    "transaction" : "Get Student",
    "sampleCount" : 1000,
    "errorCount" : 73,
    "errorPct" : 7.3,
    "meanResTime" : 7623.544999999997,
    "medianResTime" : 7271.5,
    "minResTime" : 745.0,
    "maxResTime" : 21488.0,
    "pct1ResTime" : 9260.1,
    "pct2ResTime" : 21159.9,
    "pct3ResTime" : 21309.99,
    "throughput" : 32.53090435914118,
    "receivedKBytesPerSec" : 401.8248121848569,
    "sentKBytesPerSec" : 4.623550087426806
  },
  "FINAL STUDENT DETAILS" : {
    "transaction" : "FINAL STUDENT DETAILS",
    "sampleCount" : 1000,
    "errorCount" : 25,
    "errorPct" : 2.5,
    "meanResTime" : 48172.40200000002,
    "medianResTime" : 45335.5,
    "minResTime" : 1237.0,
    "maxResTime" : 107273.0,
    "pct1ResTime" : 91383.09999999999,
    "pct2ResTime" : 98042.9,
    "pct3ResTime" : 106055.6,
    "throughput" : 4.7384382107657315,
    "receivedKBytesPerSec" : 3.7968725937618464,
    "sentKBytesPerSec" : 0.7729716152743557
  }
}